{"$schema":"http://schema.management.azure.com/schemas/2015-01-01/deploymentTemplate.json#","contentVersion":"1.0.0.0","parameters":{"factoryName":{"type":"string","metadata":"Data Factory name"}},"variables":{"factoryId":"[concat('Microsoft.DataFactory/factories/', parameters('factoryName'))]"},"resources":[{"name":"[concat(parameters('factoryName'), '/pl_adb_workflow')]","type":"Microsoft.DataFactory/factories/pipelines","apiVersion":"2018-06-01","properties":{"activities":[{"name":"Trigger ADB _Job","type":"WebActivity","dependsOn":[],"policy":{"timeout":"0.12:00:00","retry":0,"retryIntervalInSeconds":30,"secureOutput":false,"secureInput":false},"userProperties":[],"typeProperties":{"url":"https://use_u_r_workspace_url/api/2.0/jobs/run-now","method":"POST","headers":{"Authorization":"Bearer use_u_r_bearer_token"},"body":{"job_id":906999927399400}}},{"name":"Check Job Status","type":"WebActivity","dependsOn":[{"activity":"run_id","dependencyConditions":["Succeeded"]}],"policy":{"timeout":"0.12:00:00","retry":0,"retryIntervalInSeconds":30,"secureOutput":false,"secureInput":false},"userProperties":[],"typeProperties":{"url":{"value":"https://use_u_r_workspace_url/api/2.0/jobs/runs//get?run_id=@{string(activity('Trigger ADB _Job').output.run_id)}","type":"Expression"},"method":"GET","headers":{"Authorization":"Bearer use_u_r_bearer_token"},"body":{"job_id":906999927399400}}},{"name":"run_id","type":"SetVariable","dependsOn":[{"activity":"Trigger ADB _Job","dependencyConditions":["Succeeded"]}],"policy":{"timeout":"0.12:00:00","retry":0,"retryIntervalInSeconds":30,"secureOutput":false,"secureInput":false},"userProperties":[],"typeProperties":{"variableName":"run_id","value":{"value":"@string(activity('Trigger ADB _Job').output.run_id)","type":"Expression"}}},{"name":"Check Job status until it finished","type":"Until","dependsOn":[{"activity":"Check Job Status","dependencyConditions":["Succeeded"]}],"userProperties":[],"typeProperties":{"expression":{"value":"@not(equals(activity('Check Job Status_copy1').output.state.life_cycle_state,'RUNNING'))","type":"Expression"},"activities":[{"name":"Check Job Status_copy1","type":"WebActivity","dependsOn":[{"activity":"Wait","dependencyConditions":["Succeeded"]}],"policy":{"timeout":"0.12:00:00","retry":0,"retryIntervalInSeconds":30,"secureOutput":false,"secureInput":false},"userProperties":[],"typeProperties":{"url":{"value":"https://use_u_r_workspace_url/api/2.0/jobs/runs//get?run_id=@{variables('run_id')}","type":"Expression"},"method":"GET","headers":{"Authorization":"Bearer use_u_r_bearer_token"},"body":{"job_id":906999927399400}}},{"name":"Wait","type":"Wait","dependsOn":[],"userProperties":[],"typeProperties":{"waitTimeInSeconds":25}},{"name":"Set variable2","type":"SetVariable","dependsOn":[{"activity":"Check Job Status_copy1","dependencyConditions":["Succeeded"]}],"policy":{"timeout":"0.12:00:00","retry":0,"retryIntervalInSeconds":30,"secureOutput":false,"secureInput":false},"userProperties":[],"typeProperties":{"variableName":"temp_job_status","value":{"value":"@activity('Check Job Status_copy1').output.state.life_cycle_state","type":"Expression"}}}],"timeout":"0.12:00:00"}},{"name":"Check for Success or Failure","type":"IfCondition","dependsOn":[{"activity":"Check Job status until it finished","dependencyConditions":["Succeeded"]}],"userProperties":[],"typeProperties":{"expression":{"value":"@and(equals(activity('Check Job Status_copy1').output.state.life_cycle_state,'TERMINATED'), equals(activity('Check Job Status_copy1').output.state.result_state,'SUCCESS'))","type":"Expression"},"ifFalseActivities":[{"name":"Final Job Status Fail","type":"SetVariable","dependsOn":[],"policy":{"timeout":"0.12:00:00","retry":0,"retryIntervalInSeconds":30,"secureOutput":false,"secureInput":false},"userProperties":[],"typeProperties":{"variableName":"end_job_status","value":{"value":"@concat('Failed with - ',activity('Check Job Status_copy1').output.state.state_message)","type":"Expression"}}}],"ifTrueActivities":[{"name":"Final Job Status","type":"SetVariable","dependsOn":[],"policy":{"timeout":"0.12:00:00","retry":0,"retryIntervalInSeconds":30,"secureOutput":false,"secureInput":false},"userProperties":[],"typeProperties":{"variableName":"end_job_status","value":"\"SUCCESS\""}}]}},{"name":"Set Final Job Status","type":"SetVariable","dependsOn":[{"activity":"Check for Success or Failure","dependencyConditions":["Succeeded"]}],"policy":{"timeout":"0.12:00:00","retry":0,"retryIntervalInSeconds":30,"secureOutput":false,"secureInput":false},"userProperties":[],"typeProperties":{"variableName":"test_sta","value":{"value":"@variables('end_job_status')","type":"Expression"}}}],"policy":{"elapsedTimeMetric":{},"cancelAfter":{}},"variables":{"run_id":{"type":"String"},"job_status":{"type":"String"},"temp_job_status":{"type":"String"},"end_job_status":{"type":"String"},"test_sta":{"type":"String"}},"annotations":[],"lastPublishTime":"2023-06-26T15:38:29Z"},"dependsOn":[]}]}